{"cameraMode":{"drawMode":0,"name":"Shaded","section":"Shading Mode"},"sceneLighting":false,"audioPlay":false,"sceneViewState":{"showFog":true,"showMaterialUpdate":false,"showSkybox":false,"showFlares":true,"showImageEffects":true,"showParticleSystems":true},"in2DMode":false,"pivot":{"x":-3.679999828338623,"y":0.8042784929275513,"z":-0.004057765007019043},"rotation":{"x":-0.016873518005013467,"y":0.9790264368057251,"z":-0.18150250613689423,"w":-0.09101599454879761},"size":3.820497512817383,"orthographic":false}