{"cameraMode":{"drawMode":0,"name":"Shaded","section":"Shading Mode"},"sceneLighting":true,"audioPlay":false,"sceneViewState":{"showFog":true,"showMaterialUpdate":false,"showSkybox":true,"showFlares":true,"showImageEffects":true,"showParticleSystems":true},"in2DMode":false,"pivot":{"x":-2.0848560333251955,"y":7.60200309753418,"z":8.554242134094239},"rotation":{"x":-0.2543957829475403,"y":0.4011515974998474,"z":-0.11700935661792755,"w":-0.8721634745597839},"size":32.894020080566409,"orthographic":false}