{"cameraMode":{"drawMode":0,"name":"Shaded","section":"Shading Mode"},"sceneLighting":false,"audioPlay":false,"sceneViewState":{"showFog":true,"showMaterialUpdate":false,"showSkybox":true,"showFlares":true,"showImageEffects":true,"showParticleSystems":true},"in2DMode":false,"pivot":{"x":-6.730475425720215,"y":2.7403464317321779,"z":-1.97637939453125},"rotation":{"x":0.07001398503780365,"y":-0.866948127746582,"z":0.12731240689754487,"w":0.47676268219947817},"size":26.821083068847658,"orthographic":false}