{"cameraMode":{"drawMode":0,"name":"Shaded","section":"Shading Mode"},"sceneLighting":false,"audioPlay":false,"sceneViewState":{"showFog":true,"showMaterialUpdate":false,"showSkybox":false,"showFlares":true,"showImageEffects":true,"showParticleSystems":true},"in2DMode":false,"pivot":{"x":24.5,"y":-0.4000000059604645,"z":16.299999237060548},"rotation":{"x":0.07425352931022644,"y":-0.16084037721157075,"z":0.012135600671172142,"w":0.9841115474700928},"size":116.67262268066406,"orthographic":false}